{
  "label_map": {
    "sqli": 0,
    "xss": 1,
    "benign": 2
  },
  "classification_report": {
    "sqli": {
      "precision": 0.9978264840182648,
      "recall": 0.9942851942851942,
      "f1-score": 0.9960526915538539,
      "support": 54945.0
    },
    "xss": {
      "precision": 0.9999406158140087,
      "recall": 0.998635945793672,
      "f1-score": 0.9992878549597934,
      "support": 33723.0
    },
    "benign": {
      "precision": 0.982367758186398,
      "recall": 0.9956881879042324,
      "f1-score": 0.9889831224817559,
      "support": 17626.0
    },
    "accuracy": 0.995898169228743,
    "macro avg": {
      "precision": 0.9933782860062239,
      "recall": 0.9962031093276996,
      "f1-score": 0.9947745563318011,
      "support": 106294.0
    },
    "weighted avg": {
      "precision": 0.9959338030112032,
      "recall": 0.995898169228743,
      "f1-score": 0.9959067867151395,
      "support": 106294.0
    }
  },
  "confusion_matrix": [
    [
      54631,
      1,
      313
    ],
    [
      44,
      33677,
      2
    ],
    [
      75,
      1,
      17550
    ]
  ],
  "fpr_explicit": 0.004312,
  "recall_sqli": 0.9943,
  "recall_xss": 0.9986,
  "f1_macro": 0.9948,
  "latency_p95_ms": 78.7,
  "criteria": {
    "recall_sqli_pass": true,
    "recall_xss_pass": true,
    "fpr_pass": true,
    "f1_macro_pass": true,
    "latency_pass": false,
    "all_pass": false
  },
  "cv_summary": {
    "recall_sqli": {
      "mean": 0.9924,
      "std": 0.0003
    },
    "recall_xss": {
      "mean": 0.9984,
      "std": 0.0001
    },
    "recall_benign": {
      "mean": 0.9951,
      "std": 0.0005
    },
    "f1_macro": {
      "mean": 0.9933,
      "std": 0.0003
    },
    "fpr": {
      "mean": 0.0049,
      "std": 0.0005
    }
  },
  "split_sizes": {
    "train_original": 496037,
    "train_balanced": 769224,
    "val": 106294,
    "test": 106294
  }
}