{
  "label_map": {
    "sqli": 0,
    "xss": 1,
    "benign": 2
  },
  "classification_report": {
    "sqli": {
      "precision": 0.9989190773684115,
      "recall": 0.9954357907036185,
      "f1-score": 0.9971743921285332,
      "support": 54774.0
    },
    "xss": {
      "precision": 1.0,
      "recall": 0.994535519125683,
      "f1-score": 0.9972602739726028,
      "support": 1647.0
    },
    "benign": {
      "precision": 0.9875491807360924,
      "recall": 0.9974847829367675,
      "f1-score": 0.9924921167225587,
      "support": 19879.0
    },
    "accuracy": 0.9959501965923985,
    "macro avg": {
      "precision": 0.9954894193681679,
      "recall": 0.9958186975886897,
      "f1-score": 0.9956422609412315,
      "support": 76300.0
    },
    "weighted avg": {
      "precision": 0.9959801272297529,
      "recall": 0.9959501965923985,
      "f1-score": 0.9959563383225281,
      "support": 76300.0
    }
  },
  "confusion_matrix": [
    [
      54524,
      0,
      250
    ],
    [
      9,
      1638,
      0
    ],
    [
      50,
      0,
      19829
    ]
  ],
  "fpr_explicit": 0.002515,
  "recall_sqli": 0.9954,
  "recall_xss": 0.9945,
  "f1_macro": 0.9956,
  "latency_p95_ms": 78.77,
  "criteria": {
    "recall_sqli_pass": true,
    "recall_xss_pass": true,
    "fpr_pass": true,
    "f1_macro_pass": true,
    "latency_pass": false,
    "all_pass": false
  },
  "cv_summary": {
    "recall_sqli": {
      "mean": 0.9944,
      "std": 0.0001
    },
    "recall_xss": {
      "mean": 0.9913,
      "std": 0.001
    },
    "recall_benign": {
      "mean": 0.9964,
      "std": 0.0003
    },
    "f1_macro": {
      "mean": 0.9941,
      "std": 0.0002
    },
    "fpr": {
      "mean": 0.0036,
      "std": 0.0003
    }
  },
  "split_sizes": {
    "train_original": 356066,
    "train_balanced": 766827,
    "val": 76300,
    "test": 76300
  }
}